{
    "1": 0.1622604899345137,
    "0": 0.06766917293233082,
    "10": 0.04640633842671194,
    "9": 0.041959738054814455,
    "N": 0.03128789716226049,
    "M": 0.025305198480071147,
    "未来": 0.024173336567224514,
    "P": 0.023930794728757376,
    "左右": 0.01447166302853909,
    "安": 0.01228878648233487,
    "M2": 0.011399466407955373,
    "风": 0.009782520818174469,
    "15": 0.008650658905327836,
    "19": 0.007437949712992158,
    "21": 0.007114560595035977,
    "张航": 0.00606354596167839,
    "凌晨": 0.004608294930875576,
    "31": 0.004284905812919395,
    "信": 0.003718974856496079,
    "气象预报": 0.0031530439000727628,
    "美": 0.0031530439000727628,
    "城市": 0.002991349341094672,
    "C": 0.002991349341094672,
    "-": 0.0028296547821165816,
    "吉": 0.0028296547821165816,
    "泉": 0.0026679602231384912,
    "流行歌曲": 0.0025871129436494463,
    "in": 0.0025871129436494463,
    "夏": 0.002425418384671356,
    "S": 0.0023445711051823105,
    "B": 0.00218287654620422,
    "A": 0.00218287654620422,
    "乌兰": 0.0020211819872261298,
    "R": 0.0019403347077370846,
    "D": 0.0017786401487589942,
    "H": 0.0017786401487589942,
    "W": 0.001697792869269949,
    "红": 0.001697792869269949,
    "晴天": 0.0015360983102918587,
    "T": 0.0015360983102918587,
    "星": 0.0015360983102918587,
    "十一": 0.0015360983102918587,
    "ch": 0.0012935564718247231,
    "李白": 0.001212709192335678,
    "G": 0.001212709192335678,
    "杨": 0.001212709192335678,
    "零": 0.0011318619128466328,
    "I": 0.0011318619128466328,
    "J": 0.0011318619128466328,
    "小雨": 0.0010510146333575876,
    "L": 0.0010510146333575876,
    "O": 0.0009701673538685423,

    "m2":0.8,
    "什么": 0.8,
    "倩女幽魂": 0.8,
    "两只老虎": 0.8,
    "中华": 0.8,
    "文歌": 0.8,
    "岳云鹏": 0.8,
    "郭德纲": 0.8,
    "大美": 0.8,
    "大王叫我来巡山": 0.8,
    "大海": 0.8,
    "大小姐": 0.8,
    "白天": 0.8,
    "江南": 0.8,
    "凌晨": 0.8,
    "金刚": 0.8,
    "苍蝇": 0.8,
    "海洋": 0.8,
    "相思": 0.8,
    "李白": 0.8,
    "dj": 0.8,
    "you": 0.8,
    "曹操": 0.8,
    "曲歌": 0.5,
    "云朵": 0.5,
    "小女子": 0.8
}
