{
    "的": 0.46818659552106073,
    "一": 0.21691325086910826,
    "月": 0.18045112781954886,
    "1": 0.1622604899345137,
    "气": 0.15013339801115694,
    "天": 0.14924407793677744,
    "我": 0.13905732072115773,
    "歌": 0.13832969520575633,
    "2": 0.13339801115692457,
    "不": 0.1168243188616703,
    "日": 0.10485892149729162,
    "来": 0.10097825208181745,
    "那": 0.09903791737408037,
    "外面": 0.09847198641765705,
    "播": 0.09176166222006629,
    "张": 0.07753254102999434,
    "是": 0.07680491551459294,
    "想": 0.07559220632225726,
    "班": 0.07437949712992158,
    "几": 0.0731667879375859,
    "5": 0.07082221683240358,
    "有": 0.06985204947853504,
    "多少": 0.06855849300671032,
    "0": 0.06766917293233082,
    "好": 0.0654862963861266,
    "放": 0.06419273991430188,
    "天气": 0.06265664160401002,
    "行": 0.06241409976554289,
    "飞": 0.06233325248605384,
    "下": 0.059907834101382486,
    "给我": 0.05804834667313445,
    "3": 0.057563262996200175,
    "飞机": 0.057239873878243995,
    "听": 0.05667394292182068,
    "还": 0.055218691891017864,
    "唱": 0.05182310615247797,
    "上": 0.04891260409087234,
    "你": 0.04810413129598189,
    "还想": 0.04786158945751475,
    "7": 0.04753820033955857,
    "8": 0.0470531166626243,
    "6": 0.04681057482415717,
    "10": 0.04640633842671194,
    "4": 0.044951087395909126,
    "面的": 0.04390007276255154,
    "这": 0.043334141806128226,
    "9": 0.041959738054814455,
    "情": 0.04050448702401164,
    "最近": 0.03840245775729647,
    "选择": 0.03670466488802652,
    "过": 0.032985690031530436,
    "N": 0.03128789716226049,
    "大": 0.031207049882771443,
    "空": 0.0311262026032824,
    "问": 0.031045355323793353,
    "空气": 0.030236882528902904,
    "什么": 0.03007518796992481,
    "买": 0.029185867895545316,
    "请问": 0.02894332605707818,
    "样": 0.026679602231384915,
    "我们": 0.026517907672406825,
    "说": 0.02619451855445064,
    ".": 0.02619451855445064,
    "何": 0.025709434877516372,
    "M": 0.025305198480071147,
    "2.": 0.024658420244158784,
    "未": 0.02457757296466974,
    "如何": 0.02425418384671356,
    "那个": 0.023930794728757376,
    "P": 0.023930794728757376,
    "可以": 0.023607405610801196,
    "12": 0.02336486377233406,
    "故事": 0.023122321933866926,
    "哪": 0.022556390977443608,
    "温": 0.022394696418465518,
    "家": 0.022233001859487428,
    "天外": 0.021828765462042203,
    "11": 0.021747918182553158,
    "去": 0.021101139946640795,
    "算": 0.020939445387662705,
    "打": 0.020939445387662705,
    "夜": 0.019807583474816072,
    "好听": 0.019807583474816072,
    "计": 0.019241652518392757,
    "流": 0.018918263400436574,
    "会不会": 0.01851402700299135,
    "流行": 0.01802894332605708,
    "动": 0.01746301236963376,
    "要": 0.01730131781065567,
    "他": 0.01697792869269949,
    "那些": 0.016492845015765218,
    "诗": 0.016331150456787128,
    "山": 0.01584606677985286,
    "12月": 0.015522677661896677,
    "9月": 0.015199288543940497,
    "之后": 0.015199288543940497,
    "左右": 0.01447166302853909,
    "好不好": 0.014229121190071954,
    "阳": 0.014148273910582909,
    "都": 0.013905732072115774,
    "不是": 0.013663190233648637,
    "怎么": 0.013420648395181502,
    "了": 0.013339801115692457,
    "在": 0.013258953836203412,
    "1日": 0.013258953836203412,
    "我来": 0.01309725927722532,
    "我想": 0.01309725927722532,
    "没有": 0.012935564718247231,
    "随便": 0.012612175600291051,
    "十": 0.012612175600291051,
    "i": 0.012612175600291051,
    "快": 0.012369633761823914,
    "南": 0.01228878648233487,
    "两天": 0.012046244643867735,
    "江": 0.012046244643867735,
    "是不是": 0.011965397364378688,
    "不可以": 0.011642008246422508,
    "可不可以": 0.011480313687444418,
    "好吗": 0.011480313687444418,
    "M2": 0.011399466407955373,
    "PM2.5": 0.011399466407955373,
    "音": 0.011399466407955373,
    "里": 0.011399466407955373,
    "小": 0.011399466407955373,
    "a": 0.011237771848977281,
    "钱": 0.011156924569488236,
    "价格": 0.011076077289999191,
    "以后": 0.010995230010510147,
    "前面": 0.010995230010510147,
    "有没有": 0.010833535451532057,
    "地": 0.010752688172043012,
    "M10": 0.010752688172043012,
    "染": 0.010752688172043012,
    "M1": 0.010752688172043012,
    "以前": 0.01059099361306492,
    "回": 0.010510146333575875,
    "雨": 0.010510146333575875,
    "降": 0.01042929905408683,
    "变": 0.010186757215619695,
    "再来": 0.010105909936130648,
    "关": 0.010105909936130648,
    "新闻": 0.010025062656641603,
    "能不能": 0.009863368097663514,
    "风": 0.009782520818174469,
    "音乐": 0.009459131700218287,
    "帮我": 0.009378284420729242,
    "怎样": 0.009297437141240197,
    "20": 0.009135742582262107,
    "城": 0.009054895302773062,
    "笑": 0.009054895302773062,
    "黑": 0.008974048023284017,
    "0号": 0.00889320074379497,
    "那首歌": 0.00889320074379497,
    "笑话": 0.008812353464305926,
    "15": 0.008650658905327836,
    "二": 0.00856981162583879,
    "海": 0.00856981162583879,
    "升": 0.008327269787371656,
    "念": 0.008246422507882609,
    "16": 0.008246422507882609,
    "状况": 0.008246422507882609,
    "s": 0.008165575228393564,
    "高": 0.008003880669415474,
    "24": 0.007842186110437384,
    "14": 0.007680491551459293,
    "u": 0.007599644271970248,
    "30": 0.007518796992481203,
    "水": 0.007518796992481203,
    "天空": 0.007518796992481203,
    "19": 0.007437949712992158,
    "看看": 0.007437949712992158,
    "三": 0.007357102433503113,
    "28": 0.007195407874525022,
    "下午": 0.007195407874525022,
    "一个故事": 0.007114560595035977,
    "21": 0.007114560595035977,
    "26": 0.007033713315546932,
    "27": 0.006952866036057887,
    "23": 0.006872018756568841,
    "13": 0.006872018756568841,
    "四": 0.006710324197590751,
    "18": 0.00654862963861266,
    "25": 0.00654862963861266,
    "22": 0.0064677823591236154,
    "l": 0.0064677823591236154,
    "呀": 0.0063869350796345705,
    "17": 0.00622524052065648,
    "人": 0.00622524052065648,
    "啊": 0.006144393241167435,
    "张航": 0.00606354596167839,
    "七": 0.00606354596167839,
    "她": 0.005982698682189344,
    "兰": 0.005821004123211254,
    "发": 0.005821004123211254,
    "五": 0.005740156843722209,
    "29": 0.005740156843722209,
    "是什么": 0.005659309564233163,
    "哪个": 0.005497615005255073,
    "河": 0.005416767725766028,
    "演": 0.005416767725766028,
    "接下来": 0.005416767725766028,
    "龙": 0.0053359204462769825,
    "啥": 0.0052550731667879375,
    "晨": 0.0051742258872988925,
    "八": 0.0051742258872988925,
    "台": 0.0051742258872988925,
    "行歌": 0.0051742258872988925,
    "作": 0.0050933786078098476,
    "春": 0.005012531328320802,
    "冷": 0.005012531328320802,
    "爱": 0.004931684048831757,
    "别": 0.004931684048831757,
    "这首歌": 0.004850836769342712,
    "演唱": 0.004850836769342712,
    "我要": 0.004850836769342712,
    "严重": 0.004689142210364621,
    "请你": 0.004689142210364621,
    "日后": 0.004689142210364621,
    "金": 0.004608294930875576,
    "凌晨": 0.004608294930875576,
    "色": 0.004527447651386531,
    "阴": 0.004527447651386531,
    "雪": 0.004527447651386531,
    "阿": 0.004527447651386531,
    "一首歌": 0.004527447651386531,
    "品": 0.004446600371897485,
    "把": 0.004446600371897485,
    "出发": 0.004446600371897485,
    "暖": 0.004446600371897485,
    "电": 0.004446600371897485,
    "上次": 0.00436575309240844,
    "起飞": 0.004284905812919395,
    "想听": 0.00420405853343035,
    "雷": 0.0041232112539413045,
    "黄": 0.0041232112539413045,
    "谁": 0.0040423639744522595,
    "us": 0.0040423639744522595,
    "天天": 0.0040423639744522595,
    "那你": 0.003880669415474169,
    "需要": 0.003880669415474169,
    "28日": 0.003880669415474169,
    "乌": 0.003799822135985124,
    "门": 0.003718974856496079,
    "信": 0.003718974856496079,
    "music": 0.003718974856496079,
    "云": 0.003718974856496079,
    "时": 0.003638127577007034,
    "思": 0.003638127577007034,
    "白": 0.003638127577007034,
    "我需要": 0.003638127577007034,
    "国": 0.0035572802975179884,
    "忙": 0.0035572802975179884,
    "华": 0.0035572802975179884,
    "重播": 0.0034764330180289435,
    "源": 0.0034764330180289435,